{
  "questions": [
     {
      "question": " ",
      "choices": [" ", " ", " ", " "],
      "correctIndex": 1
    },
    {
      "question": "ماهي الدولة التي لديها أكبر عدد من الجزر في العالم؟",
      "choices": ["السويد", "الفلبين", "النرويج", "فرنسا"],
      "correctIndex": 1
    },
    {
      "question": "ما هي أكبر صحراء في العالم؟",
      "choices": ["القارة القطبية الجنوبية", "الربع الخالي", "صحراء فيكتوريا الكبرى", "الحوض العظيم"],
      "correctIndex": 1
    },
    {
      "question": "جزيرة سقطرى تعتبر جزءًا من؟",
      "choices": ["اليمن", "تنزانيا", "عمان", "المغرب"],
      "correctIndex": 1
    },
    {
      "question": "في أي قارة تقع دولة أندورا؟",
      "choices": ["أوروبا", "إفريقيا", "آسيا", "أمريكا الجنوبية"],
      "correctIndex": 1
    },
    {
      "question": "أي مما يلي دولة لا تطل على البحر؟",
      "choices": ["لاوس", "فيتنام", "كمبوديا", "تايلاند"],
      "correctIndex": 1
    },
    {
      "question": "ما هي عاصمة الصومال؟",
      "choices": ["مقديشو", "دار السلام", "جوبا", "نيروبي"],
      "correctIndex": 1
    },
    {
      "question": "ثاني أصغر دولة في العالم؟",
      "choices": ["موناكو", "البحرين", "الفاتيكان", "مالطا"],
      "correctIndex": 1
    },
    {
      "question": "",
      "choices": ["", "", "", ""],
      "correctIndex": 1
    },
    {
      "question": "في أي دولة يقع أكبر عدد من الأهرامات؟",
      "choices": ["السودان", "الصين", "المكسيك", "مصر"],
      "correctIndex": 1
    },
    {
      "question": "ما هي الدولة الوحيدة التي تقع على حدود المملكة المتحدة؟",
      "choices": ["أيرلندا", "فنلندا", "ويلز", "النرويج"],
      "correctIndex": 1
    },
    {
      "question": "ما هي أكبر ولاية أمريكية من حيث المساحة؟",
      "choices": ["ألاسكا", "كاليفورنيا", "أريزونا", "تكساس"],
      "correctIndex": 1
    },
    {
      "question": "ما اسم ثاني أطول جبل في العالم؟",
      "choices": ["وستو", "إيفرست", "ماكالو", "K2"],
      "correctIndex": 1
    },
    {
      "question": "إلى أي بلد تنتمي جزر الكناري؟",
      "choices": ["إسبانيا", "فرنسا", "أمريكا", "البرتغال"],
      "correctIndex": 1
    },
    {
      "question": "كم تبلغ مساحة الوطن العربي كله؟ (بالمليون كم²)",
      "choices": ["14", "13", "12", "15"],
      "correctIndex": 1
    },
    {
      "question": "ما هي أصغر دولة عربية من حيث المساحة؟",
      "choices": ["البحرين", "لبنان", "قطر", "جزر القمر"],
      "correctIndex": 1
    },
    {
      "question": "",
      "choices": ["", "", "", ""],
      "correctIndex": 1
    },
    {
      "question": "أي من الدول الآتية تمتلك حدودًا برية مع روسيا؟",
      "choices": ["كوريا الشمالية", "اليابان", "تركيا", "قيرغيزستان"],
      "correctIndex": 1
    },
    {
      "question": "كم عدد العواصم في جنوب إفريقيا؟",
      "choices": ["3", "2", "1", "4"],
      "correctIndex": 1
    },
    {
      "question": "أي من الدول الآتية تعتبر دولًا شيوعية؟",
      "choices": ["فيتنام", "اليابان", "لاوس", "منغوليا"],
      "correctIndex": 1
    },
    {
      "question": "ما هي عاصمة باكستان؟",
      "choices": ["إسلام أباد", "كراتشي", "لاهور", "كابول"],
      "correctIndex": 1
    },
    {
      "question": "ما هي عاصمة موريتانيا؟",
      "choices": ["نواكشوط", "انجامينا", "موريتانيا", "الرباط"],
      "correctIndex": 1
    },
    {
      "question": "أي من الدول الآتية تطل على البحر الأصفر؟",
      "choices": ["الصين", "أستراليا", "الصومال", "المكسيك"],
      "correctIndex": 1
    },
    {
      "question": "ما هي عاصمة تركيا؟",
      "choices": ["أنقرة", "إسطنبول", "أنطاليا", "إزمير"],
      "correctIndex": 1
    },
    {
      "question": "",
      "choices": ["", "", "", ""],
      "correctIndex": 1
    }
  ]
}