{
  "questions": [
    {
      "question": " ",
      "choices": [" ", " ", " ", " "],
      "correctIndex": 1
    },
    {
      "question": "حصلت دولة إريتريا رسميًا على استقلالها عن إثيوبيا في؟",
      "choices": ["1993", "1973", "1943", "1983"],
      "correctIndex": 1
    },
    {
      "question": "من هو الذي أنشأ بيت الحكمة؟",
      "choices": ["هارون الرشيد", "عبد الملك بن مروان", "عمر بن الخطاب", "عثمان بن عفان"],
      "correctIndex": 1
    },
    {
      "question": "أين كانت الدولة الشيوعية الوحيدة في العالم العربي؟",
      "choices": ["اليمن", "المغرب", "مصر", "لبنان"],
      "correctIndex": 1
    },
    {
      "question": "من هو الرحّالة الوحيد الذي زار الفايكنج؟",
      "choices": ["أحمد بن فضلان", "كريستوفر كولومبس", "ابن بطوطة", "ماركو بولو"],
      "correctIndex": 1
    },
    {
      "question": "ما هو أقدم طريق تجاري دولي؟",
      "choices": ["طريق الحرير", "طريق التوابل", "طريق الملح", "طريق البخور"],
      "correctIndex": 1
    },
    {
      "question": "ما اسم الأزمة الاقتصادية التي بدأت سنة 1929؟",
      "choices": ["الكساد العظيم", "أزمة سوق الأسهم", "التضخم العظيم", "أزمة سوق السلع"],
      "correctIndex": 1
    },
    {
      "question": "من كان زعيم إيطاليا خلال الحرب العالمية الثانية؟",
      "choices": ["موسوليني", "كارل ماركس", "تشرشل", "غاريبالدي"],
      "correctIndex": 1
    },
    {
      "question": "",
      "choices": ["", "", "", ""],
      "correctIndex": 1
    },
    {
      "question": "كم عام استمرت حرب المئة عام بين فرنسا وإنجلترا؟",
      "choices": ["100", "110", "112", "116"],
      "correctIndex": 4
    },
    {
      "question": "كم عام استمرت خلافة الصحابي الجليل عمر بن الخطاب؟",
      "choices": ["10", "5", "7", "3"],
      "correctIndex": 1
    },
    {
      "question": "متى تأسس المسجد الأموي في دمشق؟",
      "choices": ["705", "650", "800", "634"],
      "correctIndex": 1
    },
    {
      "question": "في أي عام حدث انفجار تشيرنوبل؟",
      "choices": ["1986", "1980", "1978", "1991"],
      "correctIndex": 1
    },
    {
      "question": "متى أصدر أول هاتف آيفون؟",
      "choices": ["2007", "2006", "2008", "2009"],
      "correctIndex": 1
    },
    {
      "question": "أين حدثت الثورة المهدية؟",
      "choices": ["السودان", "سوريا", "المغرب", "ليبيا"],
      "correctIndex": 1
    },
    {
      "question": "متى تحرر المسجد الأقصى من الصليبيين؟",
      "choices": ["1187", "1280", "960", "1050"],
      "correctIndex": 1
    },
    {
      "question": "",
      "choices": ["", "", "", ""],
      "correctIndex": 1
    },
    {
      "question": "ما هي أول دولة عربية استقلت؟",
      "choices": ["عمان", "المغرب", "الأردن", "مصر"],
      "correctIndex": 1
    },
    {
      "question": "ألاسكا كانت تحت سيادة أي دولة قبل الولايات المتحدة؟",
      "choices": ["روسيا", "كندا", "فرنسا", "المملكة المتحدة"],
      "correctIndex": 1
    },
    {
      "question": "من هو أول حاكم للدولة العباسية؟",
      "choices": ["السفاح", "المنصور", "الهادي", "المهدي"],
      "correctIndex": 1
    },
    {
      "question": "من هو قائد معركة بلاط الشهداء؟",
      "choices": ["عبد الرحمن الغافقي", "ألب أرسلان", "طارق بن زياد", "يوسف بن تاشفين"],
      "correctIndex": 1
    },
    {
      "question": "إلى متى استمرت حرب البسوس؟",
      "choices": ["40 سنة", "10 سنوات", "20 سنة", "30 سنة"],
      "correctIndex": 1
    },
    {
      "question": "من الذي شرع في إنشاء مسجد قبة الصخرة؟",
      "choices": ["عبد الملك بن مروان", "مروان بن عبد الملك", "عبد الحميد الثاني", "صلاح الدين الأيوبي"],
      "correctIndex": 1
    },
    {
      "question": "من هو أول من طار في الجو؟",
      "choices": ["عباس بن فرناس", "ويلبر وأورفيل رايت", "الإدريسي", "الفارابي"],
      "correctIndex": 1
    }
  ]
}