{
  "questions": [
    {
      "question": " ",
      "choices": [" ", " ", " ", " "],
      "correctIndex": 1
    },
    {
      "question": "متى توفي النبي ﷺ بالهجري؟",
      "choices": ["11", "10", "9", "12"],
      "correctIndex": 1
    },
    {
      "question": "من هو خامس الخلفاء الراشدين؟",
      "choices": ["الحسن بن علي", "الحسين بن علي", "علي بن أبي طالب", "عثمان بن عفان"],
      "correctIndex": 1
    },
    {
      "question": "في عهد من جُمع القرآن؟",
      "choices": ["أبو بكر الصديق", "عثمان بن عفان", "عمر بن الخطاب", "علي بن أبي طالب"],
      "correctIndex": 1
    },
    {
      "question": "ما هي السورة التي شيّبت الرسول ﷺ؟",
      "choices": ["هود", "العاديات", "البقرة", "الإخلاص"],
      "correctIndex": 1
    },
    {
      "question": "ما هي السورة التي تعدل ثلث القرآن؟",
      "choices": ["الإخلاص", "الفلق", "الناس", "البقرة"],
      "correctIndex": 1
    },
    {
      "question": "أين يوجد قبر النبي إبراهيم عليه السلام؟",
      "choices": ["الخليل", "القدس", "مكة", "بغداد"],
      "correctIndex": 1
    },
    {
      "question": "من هو أبو النبي يوسف عليه السلام؟",
      "choices": ["يعقوب", "إبراهيم", "يشع", "هود"],
      "correctIndex": 1
    },
    {
      "question": "",
      "choices": ["", "", "", ""],
      "correctIndex": 1
    },
    {
      "question": "سورة في القرآن ذُكرت فيها البسملة مرتين؟",
      "choices": ["النمل", "التوبة", "النصر", "الفاتحة"],
      "correctIndex": 1
    },
    {
      "question": "متى حُوّلت القبلة من بيت المقدس إلى الكعبة؟",
      "choices": ["السنة الثانية للهجرة", "السنة الرابعة للهجرة", "السنة السادسة للهجرة", "السنة الأولى للهجرة"],
      "correctIndex": 1
    },
    {
      "question": "ما هي آخر سورة نزلت في القرآن؟",
      "choices": ["النصر", "الماعون", "التوبة", "الكهف"],
      "correctIndex": 1
    },
    {
      "question": "ما هو الشهر الثالث في التقويم الهجري؟",
      "choices": ["ربيع الأول", "شعبان", "جمادى الآخرة", "ذو القعدة"],
      "correctIndex": 1
    },
    {
      "question": "كم عدد التكبيرات في الركعة الأولى في صلاة العيد؟",
      "choices": ["7", "6", "5", "9"],
      "correctIndex": 1
    },
    {
      "question": "كم عدد سور القرآن الكريم؟",
      "choices": ["114", "112", "116", "118"],
      "correctIndex": 1
    },
    {
      "question": "كم كان عمر النبي ﷺ عندما نزلت عليه الرسالة؟",
      "choices": ["40", "45", "43", "38"],
      "correctIndex": 1
    },
    {
      "question": "",
      "choices": ["", "", "", ""],
      "correctIndex": 1
    },
    {
      "question": "من هي أشهر راوية للحديث؟",
      "choices": ["أم المؤمنين عائشة", "أم المؤمنين أم سلمة", "فاطمة", "زينب"],
      "correctIndex": 1
    },
    {
      "question": "من هي الصحابية التي لُقّبت بذات النطاقين؟",
      "choices": ["أسماء بنت أبي بكر", "آمنة بنت الأرقم", "أروى بنت الحارث", "خديجة بنت خويلد"],
      "correctIndex": 1
    },
    {
      "question": "في أي شهر ميلادي وُلد الرسول ﷺ؟",
      "choices": ["أبريل", "أغسطس", "مارس", "يناير"],
      "correctIndex": 1
    },
    {
      "question": "من أول من فتح الصين؟",
      "choices": ["قتيبة بن مسلم", "خالد بن الوليد", "طارق بن زياد", "معاوية بن أبي سفيان"],
      "correctIndex": 1
    },
    {
      "question": "من هو أغنى الصحابة؟",
      "choices": ["عبد الرحمن بن عوف", "عثمان بن عفان", "سعد بن أبي وقاص", "طلحة بن عبيد الله"],
      "correctIndex": 1
    },
    {
      "question": "من هو الصحابي الذي لو أقسم على الله لأبرّ الله قسمه؟",
      "choices": ["البراء بن مالك", "النعيمان بن عمرو الأنصاري", "عثمان بن مظعون", "عكرمة بن أبي جهل"],
      "correctIndex": 1
    },
    {
      "question": "من هو أول شهيد في الإسلام؟",
      "choices": ["واقد بن عبدالله", "حمزة بن عبد المطلب", "الحارث بن أبي هالة", "عاتكة بنت زيد"],
      "correctIndex": 3
    },
    {
      "question": "",
      "choices": ["", "", "", ""],
      "correctIndex": 1
    }
  ]
}