{
  "questions": [
    {
      "question": " ",
      "choices": [" ", " ", " ", " "],
      "correctIndex": 1
    },
    {
      "question": "من هو ثاني أكثر لاعب تسجيلًا للأهداف في موسم واحد؟",
      "choices": ["جيرد مولر", "ميسي", "كريستيانو رونالدو", "كلوزة"],
      "correctIndex": 1
    },
    {
      "question": "ما هي الفائدة الرئيسية للألياف في النظام الغذائي للإنسان؟",
      "choices": ["تسهيل الهضم", "تضخيم العضل", "نمو الشعر", "نضارة البشرة"],
      "correctIndex": 1
    },
    {
      "question": "أي جزء من الجسم ينتج الأنسولين؟",
      "choices": ["البنكرياس", "الكبد", "المعدة", "الطحال"],
      "correctIndex": 1
    },
    {
      "question": "ما هي الدولة التي استضافت كأس العالم لكرة القدم 2014؟",
      "choices": ["البرازيل", "إسبانيا", "ألمانيا", "روسيا"],
      "correctIndex": 1
    },
    {
      "question": "ما هي الشركة التي طورت أول هاتف محمول؟",
      "choices": ["موتورولا", "نوكيا", "آبل", "بيل"],
      "correctIndex": 1
    },
    {
      "question": "ما هي الشركة المعروفة بإنشاء نظام التشغيل الشهير للهواتف الذكية أندرويد؟",
      "choices": ["جوجل", "سامسونج", "هواوي", "شياومي"],
      "correctIndex": 1
    },
    {
      "question": "ما هي الشركة التي أنشأت نظام التشغيل المسمى ويندوز؟",
      "choices": ["مايكروسوفت", "ويندوز", "أمازون", "ريد هات"],
      "correctIndex": 1
    },
    {
      "question": "",
      "choices": ["", "", "", ""],
      "correctIndex": 1
    },
    {
      "question": "ما هو الفيلم الأكثر تحقيقًا للإيرادات في تاريخ السينما؟",
      "choices": ["أفاتار", "تايتانيك", "نهاية اللعبة", "حرب النجوم"],
      "correctIndex": 1
    },
    {
      "question": "أي من الفواكه التالية يحتوي على أعلى نسبة من الماء؟",
      "choices": ["التفاح", "الموز", "البطيخ", "العنب"],
      "correctIndex": 3
    },
    {
      "question": "كم عدد اللاعبين في فريق كرة اليد؟",
      "choices": ["7", "5", "10", "11"],
      "correctIndex": 1
    },
    {
      "question": "من هو الملحن الذي ألف سيمفونية 'القمر'؟",
      "choices": ["بيتهوفن", "موزارت", "شوبان", "فيفالدي"],
      "correctIndex": 1
    },
    {
      "question": "كم عدد المفاتيح الموجودة في البيانو القياسي؟",
      "choices": ["88", "60", "72", "100"],
      "correctIndex": 1
    },
    {
      "question": "أي بلد يُعرف باسم 'أرض الصباح الهادئ'؟",
      "choices": ["كوريا الجنوبية", "تايلاند", "اليابان", "الصين"],
      "correctIndex": 1
    },
    {
      "question": "أي لغة تحتوي على أكبر عدد من الكلمات؟",
      "choices": ["الإنجليزية", "الإسبانية", "الألمانية", "الفرنسية"],
      "correctIndex": 1
    },
    {
      "question": "",
      "choices": ["", "", "", ""],
      "correctIndex": 1
    },
    {
      "question": "كم جرام من الكربوهيدرات يحتوي على كم سعرة حرارية؟",
      "choices": ["4", "9", "12", "6"],
      "correctIndex": 1
    },
    {
      "question": "من هو أسرع طائر؟",
      "choices": ["الشاهين", "الصقر", "النسر", "البومة"],
      "correctIndex": 1
    },
    {
      "question": "من هو أكثر لاعب فاز بكؤوس العالم؟",
      "choices": ["بيليه", "زيدان", "مارادونا", "مولر"],
      "correctIndex": 1
    },
    {
      "question": "كم رأس تمتلك عضلة البايسيب؟",
      "choices": ["2", "1", "3", "4"],
      "correctIndex": 1
    },
    {
      "question": "ما هو الجذر التربيعي لـ 144؟",
      "choices": ["12", "10", "13", "9"],
      "correctIndex": 1
    },
    {
      "question": "أي مما يلي من عجائب الدنيا السبع؟",
      "choices": ["ماتشو بيتشو", "برج إيفل", "برج بيزا", "أوكسمال"],
      "correctIndex": 1
    },
    {
      "question": "أين تم اختراع البنادق؟",
      "choices": ["الصين", "الدولة العثمانية", "المملكة المتحدة", "الولايات المتحدة"],
      "correctIndex": 1
    },
    {
      "question": "",
      "choices": ["", "", "", ""],
      "correctIndex": 1
    }
  ]
}