{
  "questions": [
    {
      "question": " ",
      "choices": [" ", " ", " ", " "],
      "correctIndex": 1
    },
    {
      "question": "ماذا يسمى هذا الرمز Ψ ؟",
      "choices": ["بساي", "أميجا", "ديلتا", "فاي"],
      "correctIndex": 1
    },
    {
      "question": "ماذا يسمى تفاعل الصدأ؟",
      "choices": ["الأكسدة", "احتراق الهيدروجين", "تخليق الأمونيا", "تفاعل الثرمايت"],
      "correctIndex": 1
    },
    {
      "question": "الحيوان الأكثر كثافة سكانية في العالم؟",
      "choices": ["الحشرات", "الثدييات", "السمك", "الطيور"],
      "correctIndex": 1
    },
    {
      "question": "ماذا يسمى هذا الغاز O₃؟",
      "choices": ["الأوزون", "الأوكسجين", "ثنائي الأكسجين", "إيثانول"],
      "correctIndex": 1
    },
    {
      "question": "مما يتكون الضوء؟",
      "choices": ["الفوتونات", "الإلكترونات", "بروتون", "جيبتون"],
      "correctIndex": 1
    },
    {
      "question": "درجة حرارة غليان الماء؟",
      "choices": ["100", "220", "200", "120"],
      "correctIndex": 1
    },
    {
      "question": "أقل درجة حرارة ممكنة؟",
      "choices": ["-273.15", "-220", "-200", "-100"],
      "correctIndex": 1
    },
    {
      "question": "ما هو العدد الذري للفضة؟",
      "choices": ["47", "16", "79", "30"],
      "correctIndex": 1
    },
    {
      "question": "ما هو اسم الجزيء الذي يُعرف بالصيغة 'C6H6'؟",
      "choices": ["بنزين", "الإيثيلين", "الإيثانول", "الجلوكوز"],
      "correctIndex": 1
    },
    {
      "question": "من الذي اخترع الرقم باي؟",
      "choices": ["أرخميدس", "نيوتن", "سقراط", "ابن خلدون"],
      "correctIndex": 1
    },
    {
      "question": "ما هو الحيوان الذي يكون لون دمه أزرق؟",
      "choices": ["الأخطبوط", "الخفاش", "تونة زرقاء الزعانف", "ثعبان البحر"],
      "correctIndex": 1
    },
    {
      "question": "ما هو الحيوان الذي لا يشرب الماء؟",
      "choices": ["الجربوع", "البطريق", "الفهد", "الفيل"],
      "correctIndex": 1
    },
    {
      "question": "ما هي أكثر أنواع الدم انتشارًا؟",
      "choices": ["AB", "A-", "B+", "O+"],
      "correctIndex": 4
    },
    {
      "question": "ما العضو الذي يستهلك 40% من الاكسجين في الدم؟",
      "choices": ["المخ", "القلب", "الكلى", "الكبد"],
      "correctIndex": 1
    },
    {
      "question": "ما هي نسبة الأكسجين في الهواء؟",
      "choices": ["21", "30", "10", "70"],
      "correctIndex": 1
    },
    {
      "question": "ما هو رمز الماء؟",
      "choices": ["H₂O", "HO", "CO₂", "H"],
      "correctIndex": 1
    },
    {
      "question": "ما اسم هذا الرمز ∑؟",
      "choices": ["سيجما", "باي", "بيتا", "جاما"],
      "correctIndex": 1
    },
    {
      "question": "كم عدد العظام في جسم الإنسان؟",
      "choices": ["206", "250", "350", "306"],
      "correctIndex": 1
    },
    {
      "question": "ما هي الأمراض الأكثر فتكًا في العالم؟",
      "choices": ["أمراض القلب", "السرطان", "السكري", "الزهايمر"],
      "correctIndex": 1
    },
    {
      "question": "ما هي وحدة قياس التيار الكهربائي؟",
      "choices": ["أمبير", "فولت", "أميتر", "كولومب"],
      "correctIndex": 1
    },
    {
      "question": "ما الغاز الذي تستهلكه النباتات في عملية البناء الضوئي؟",
      "choices": ["ثاني أكسيد الكربون", "الأوكسجين", "الهيدروجين", "الهيليوم"],
      "correctIndex": 1
    }
  ]
}